filename,label,label_encoded
boat_Repeat01.npy,boat,0
boat_Repeat01_aug_1.npy,boat,0
boat_Repeat01_aug_2.npy,boat,0
boat_Repeat01_aug_3.npy,boat,0
boat_Repeat02.npy,boat,0
boat_Repeat02_aug_1.npy,boat,0
boat_Repeat02_aug_2.npy,boat,0
boat_Repeat02_aug_3.npy,boat,0
boat_Repeat03.npy,boat,0
boat_Repeat03_aug_1.npy,boat,0
boat_Repeat03_aug_2.npy,boat,0
boat_Repeat03_aug_3.npy,boat,0
boat_Repeat04.npy,boat,0
boat_Repeat04_aug_1.npy,boat,0
boat_Repeat04_aug_2.npy,boat,0
boat_Repeat04_aug_3.npy,boat,0
boat_Repeat05.npy,boat,0
boat_Repeat05_aug_1.npy,boat,0
boat_Repeat05_aug_2.npy,boat,0
boat_Repeat05_aug_3.npy,boat,0
boat_Repeat06.npy,boat,0
boat_Repeat06_aug_1.npy,boat,0
boat_Repeat06_aug_2.npy,boat,0
boat_Repeat06_aug_3.npy,boat,0
boat_Repeat07.npy,boat,0
boat_Repeat07_aug_1.npy,boat,0
boat_Repeat07_aug_2.npy,boat,0
boat_Repeat07_aug_3.npy,boat,0
boat_Repeat08.npy,boat,0
boat_Repeat08_aug_1.npy,boat,0
boat_Repeat08_aug_2.npy,boat,0
boat_Repeat08_aug_3.npy,boat,0
boat_Repeat09.npy,boat,0
boat_Repeat09_aug_1.npy,boat,0
boat_Repeat09_aug_2.npy,boat,0
boat_Repeat09_aug_3.npy,boat,0
boat_Repeat10.npy,boat,0
boat_Repeat10_aug_1.npy,boat,0
boat_Repeat10_aug_2.npy,boat,0
boat_Repeat10_aug_3.npy,boat,0
boat_Repeat11.npy,boat,0
boat_Repeat11_aug_1.npy,boat,0
boat_Repeat11_aug_2.npy,boat,0
boat_Repeat11_aug_3.npy,boat,0
boat_Repeat12.npy,boat,0
boat_Repeat12_aug_1.npy,boat,0
boat_Repeat12_aug_2.npy,boat,0
boat_Repeat12_aug_3.npy,boat,0
boat_Repeat13.npy,boat,0
boat_Repeat13_aug_1.npy,boat,0
boat_Repeat13_aug_2.npy,boat,0
boat_Repeat13_aug_3.npy,boat,0
boat_Repeat14.npy,boat,0
boat_Repeat14_aug_1.npy,boat,0
boat_Repeat14_aug_2.npy,boat,0
boat_Repeat14_aug_3.npy,boat,0
boat_Repeat15.npy,boat,0
boat_Repeat15_aug_1.npy,boat,0
boat_Repeat15_aug_2.npy,boat,0
boat_Repeat15_aug_3.npy,boat,0
boat_Repeat16.npy,boat,0
boat_Repeat16_aug_1.npy,boat,0
boat_Repeat16_aug_2.npy,boat,0
boat_Repeat16_aug_3.npy,boat,0
boat_Repeat17.npy,boat,0
boat_Repeat17_aug_1.npy,boat,0
boat_Repeat17_aug_2.npy,boat,0
boat_Repeat17_aug_3.npy,boat,0
boat_Repeat18.npy,boat,0
boat_Repeat18_aug_1.npy,boat,0
boat_Repeat18_aug_2.npy,boat,0
boat_Repeat18_aug_3.npy,boat,0
boat_Repeat19.npy,boat,0
boat_Repeat19_aug_1.npy,boat,0
boat_Repeat19_aug_2.npy,boat,0
boat_Repeat19_aug_3.npy,boat,0
boat_Repeat20.npy,boat,0
boat_Repeat20_aug_1.npy,boat,0
boat_Repeat20_aug_2.npy,boat,0
boat_Repeat20_aug_3.npy,boat,0
boat_Repeat21.npy,boat,0
boat_Repeat21_aug_1.npy,boat,0
boat_Repeat21_aug_2.npy,boat,0
boat_Repeat21_aug_3.npy,boat,0
boat_Repeat22.npy,boat,0
boat_Repeat22_aug_1.npy,boat,0
boat_Repeat22_aug_2.npy,boat,0
boat_Repeat22_aug_3.npy,boat,0
boat_Repeat23.npy,boat,0
boat_Repeat23_aug_1.npy,boat,0
boat_Repeat23_aug_2.npy,boat,0
boat_Repeat23_aug_3.npy,boat,0
boat_Repeat24.npy,boat,0
boat_Repeat24_aug_1.npy,boat,0
boat_Repeat24_aug_2.npy,boat,0
boat_Repeat24_aug_3.npy,boat,0
boat_Repeat25.npy,boat,0
boat_Repeat25_aug_1.npy,boat,0
boat_Repeat25_aug_2.npy,boat,0
boat_Repeat25_aug_3.npy,boat,0
boat_Repeat26.npy,boat,0
boat_Repeat26_aug_1.npy,boat,0
boat_Repeat26_aug_2.npy,boat,0
boat_Repeat26_aug_3.npy,boat,0
boat_Repeat27.npy,boat,0
boat_Repeat27_aug_1.npy,boat,0
boat_Repeat27_aug_2.npy,boat,0
boat_Repeat27_aug_3.npy,boat,0
boat_Repeat28.npy,boat,0
boat_Repeat28_aug_1.npy,boat,0
boat_Repeat28_aug_2.npy,boat,0
boat_Repeat28_aug_3.npy,boat,0
boat_Repeat29.npy,boat,0
boat_Repeat29_aug_1.npy,boat,0
boat_Repeat29_aug_2.npy,boat,0
boat_Repeat29_aug_3.npy,boat,0
boat_Repeat30.npy,boat,0
boat_Repeat30_aug_1.npy,boat,0
boat_Repeat30_aug_2.npy,boat,0
boat_Repeat30_aug_3.npy,boat,0
boat_Repeat31.npy,boat,0
boat_Repeat31_aug_1.npy,boat,0
boat_Repeat31_aug_2.npy,boat,0
boat_Repeat31_aug_3.npy,boat,0
boat_Repeat32.npy,boat,0
boat_Repeat32_aug_1.npy,boat,0
boat_Repeat32_aug_2.npy,boat,0
boat_Repeat32_aug_3.npy,boat,0
boat_Repeat33.npy,boat,0
boat_Repeat33_aug_1.npy,boat,0
boat_Repeat33_aug_2.npy,boat,0
boat_Repeat33_aug_3.npy,boat,0
boat_Repeat34.npy,boat,0
boat_Repeat34_aug_1.npy,boat,0
boat_Repeat34_aug_2.npy,boat,0
boat_Repeat34_aug_3.npy,boat,0
boat_Repeat35.npy,boat,0
boat_Repeat35_aug_1.npy,boat,0
boat_Repeat35_aug_2.npy,boat,0
boat_Repeat35_aug_3.npy,boat,0
boat_Repeat36.npy,boat,0
boat_Repeat36_aug_1.npy,boat,0
boat_Repeat36_aug_2.npy,boat,0
boat_Repeat36_aug_3.npy,boat,0
boat_Repeat37.npy,boat,0
boat_Repeat37_aug_1.npy,boat,0
boat_Repeat37_aug_2.npy,boat,0
boat_Repeat37_aug_3.npy,boat,0
boat_Repeat38.npy,boat,0
boat_Repeat38_aug_1.npy,boat,0
boat_Repeat38_aug_2.npy,boat,0
boat_Repeat38_aug_3.npy,boat,0
boat_Repeat39.npy,boat,0
boat_Repeat39_aug_1.npy,boat,0
boat_Repeat39_aug_2.npy,boat,0
boat_Repeat39_aug_3.npy,boat,0
boat_Repeat40.npy,boat,0
boat_Repeat40_aug_1.npy,boat,0
boat_Repeat40_aug_2.npy,boat,0
boat_Repeat40_aug_3.npy,boat,0
boat_Repeat41.npy,boat,0
boat_Repeat41_aug_1.npy,boat,0
boat_Repeat41_aug_2.npy,boat,0
boat_Repeat41_aug_3.npy,boat,0
boat_Repeat42.npy,boat,0
boat_Repeat42_aug_1.npy,boat,0
boat_Repeat42_aug_2.npy,boat,0
boat_Repeat42_aug_3.npy,boat,0
boat_Repeat43.npy,boat,0
boat_Repeat43_aug_1.npy,boat,0
boat_Repeat43_aug_2.npy,boat,0
boat_Repeat43_aug_3.npy,boat,0
boat_Repeat44.npy,boat,0
boat_Repeat44_aug_1.npy,boat,0
boat_Repeat44_aug_2.npy,boat,0
boat_Repeat44_aug_3.npy,boat,0
boat_Repeat45.npy,boat,0
boat_Repeat45_aug_1.npy,boat,0
boat_Repeat45_aug_2.npy,boat,0
boat_Repeat45_aug_3.npy,boat,0
boat_Repeat46.npy,boat,0
boat_Repeat46_aug_1.npy,boat,0
boat_Repeat46_aug_2.npy,boat,0
boat_Repeat46_aug_3.npy,boat,0
boat_Repeat47.npy,boat,0
boat_Repeat47_aug_1.npy,boat,0
boat_Repeat47_aug_2.npy,boat,0
boat_Repeat47_aug_3.npy,boat,0
downward_dog_Repeat01.npy,downward_dog,1
downward_dog_Repeat01_aug_1.npy,downward_dog,1
downward_dog_Repeat01_aug_2.npy,downward_dog,1
downward_dog_Repeat01_aug_3.npy,downward_dog,1
downward_dog_Repeat02.npy,downward_dog,1
downward_dog_Repeat02_aug_1.npy,downward_dog,1
downward_dog_Repeat02_aug_2.npy,downward_dog,1
downward_dog_Repeat02_aug_3.npy,downward_dog,1
downward_dog_Repeat03.npy,downward_dog,1
downward_dog_Repeat03_aug_1.npy,downward_dog,1
downward_dog_Repeat03_aug_2.npy,downward_dog,1
downward_dog_Repeat03_aug_3.npy,downward_dog,1
downward_dog_Repeat04.npy,downward_dog,1
downward_dog_Repeat04_aug_1.npy,downward_dog,1
downward_dog_Repeat04_aug_2.npy,downward_dog,1
downward_dog_Repeat04_aug_3.npy,downward_dog,1
downward_dog_Repeat05.npy,downward_dog,1
downward_dog_Repeat05_1.npy,downward_dog,1
downward_dog_Repeat05_1_aug_1.npy,downward_dog,1
downward_dog_Repeat05_1_aug_2.npy,downward_dog,1
downward_dog_Repeat05_1_aug_3.npy,downward_dog,1
downward_dog_Repeat05_aug_1.npy,downward_dog,1
downward_dog_Repeat05_aug_2.npy,downward_dog,1
downward_dog_Repeat05_aug_3.npy,downward_dog,1
downward_dog_Repeat06.npy,downward_dog,1
downward_dog_Repeat06_aug_1.npy,downward_dog,1
downward_dog_Repeat06_aug_2.npy,downward_dog,1
downward_dog_Repeat06_aug_3.npy,downward_dog,1
downward_dog_Repeat07.npy,downward_dog,1
downward_dog_Repeat07_aug_1.npy,downward_dog,1
downward_dog_Repeat07_aug_2.npy,downward_dog,1
downward_dog_Repeat07_aug_3.npy,downward_dog,1
downward_dog_Repeat08.npy,downward_dog,1
downward_dog_Repeat08_aug_1.npy,downward_dog,1
downward_dog_Repeat08_aug_2.npy,downward_dog,1
downward_dog_Repeat08_aug_3.npy,downward_dog,1
downward_dog_Repeat09.npy,downward_dog,1
downward_dog_Repeat09_aug_1.npy,downward_dog,1
downward_dog_Repeat09_aug_2.npy,downward_dog,1
downward_dog_Repeat09_aug_3.npy,downward_dog,1
downward_dog_Repeat10.npy,downward_dog,1
downward_dog_Repeat10_aug_1.npy,downward_dog,1
downward_dog_Repeat10_aug_2.npy,downward_dog,1
downward_dog_Repeat10_aug_3.npy,downward_dog,1
downward_dog_Repeat11.npy,downward_dog,1
downward_dog_Repeat11_aug_1.npy,downward_dog,1
downward_dog_Repeat11_aug_2.npy,downward_dog,1
downward_dog_Repeat11_aug_3.npy,downward_dog,1
downward_dog_Repeat12.npy,downward_dog,1
downward_dog_Repeat12_aug_1.npy,downward_dog,1
downward_dog_Repeat12_aug_2.npy,downward_dog,1
downward_dog_Repeat12_aug_3.npy,downward_dog,1
downward_dog_Repeat13.npy,downward_dog,1
downward_dog_Repeat13_aug_1.npy,downward_dog,1
downward_dog_Repeat13_aug_2.npy,downward_dog,1
downward_dog_Repeat13_aug_3.npy,downward_dog,1
downward_dog_Repeat14.npy,downward_dog,1
downward_dog_Repeat14_aug_1.npy,downward_dog,1
downward_dog_Repeat14_aug_2.npy,downward_dog,1
downward_dog_Repeat14_aug_3.npy,downward_dog,1
downward_dog_Repeat15.npy,downward_dog,1
downward_dog_Repeat15_aug_1.npy,downward_dog,1
downward_dog_Repeat15_aug_2.npy,downward_dog,1
downward_dog_Repeat15_aug_3.npy,downward_dog,1
downward_dog_Repeat16.npy,downward_dog,1
downward_dog_Repeat16_aug_1.npy,downward_dog,1
downward_dog_Repeat16_aug_2.npy,downward_dog,1
downward_dog_Repeat16_aug_3.npy,downward_dog,1
downward_dog_Repeat17.npy,downward_dog,1
downward_dog_Repeat17_aug_1.npy,downward_dog,1
downward_dog_Repeat17_aug_2.npy,downward_dog,1
downward_dog_Repeat17_aug_3.npy,downward_dog,1
downward_dog_Repeat18.npy,downward_dog,1
downward_dog_Repeat18_aug_1.npy,downward_dog,1
downward_dog_Repeat18_aug_2.npy,downward_dog,1
downward_dog_Repeat18_aug_3.npy,downward_dog,1
downward_dog_Repeat19.npy,downward_dog,1
downward_dog_Repeat19_aug_1.npy,downward_dog,1
downward_dog_Repeat19_aug_2.npy,downward_dog,1
downward_dog_Repeat19_aug_3.npy,downward_dog,1
downward_dog_Repeat20.npy,downward_dog,1
downward_dog_Repeat20_aug_1.npy,downward_dog,1
downward_dog_Repeat20_aug_2.npy,downward_dog,1
downward_dog_Repeat20_aug_3.npy,downward_dog,1
downward_dog_Repeat21.npy,downward_dog,1
downward_dog_Repeat21_aug_1.npy,downward_dog,1
downward_dog_Repeat21_aug_2.npy,downward_dog,1
downward_dog_Repeat21_aug_3.npy,downward_dog,1
downward_dog_Repeat22.npy,downward_dog,1
downward_dog_Repeat22_aug_1.npy,downward_dog,1
downward_dog_Repeat22_aug_2.npy,downward_dog,1
downward_dog_Repeat22_aug_3.npy,downward_dog,1
downward_dog_Repeat23.npy,downward_dog,1
downward_dog_Repeat23_aug_1.npy,downward_dog,1
downward_dog_Repeat23_aug_2.npy,downward_dog,1
downward_dog_Repeat23_aug_3.npy,downward_dog,1
downward_dog_Repeat24.npy,downward_dog,1
downward_dog_Repeat24_aug_1.npy,downward_dog,1
downward_dog_Repeat24_aug_2.npy,downward_dog,1
downward_dog_Repeat24_aug_3.npy,downward_dog,1
downward_dog_Repeat25.npy,downward_dog,1
downward_dog_Repeat25_aug_1.npy,downward_dog,1
downward_dog_Repeat25_aug_2.npy,downward_dog,1
downward_dog_Repeat25_aug_3.npy,downward_dog,1
downward_dog_Repeat26.npy,downward_dog,1
downward_dog_Repeat26_aug_1.npy,downward_dog,1
downward_dog_Repeat26_aug_2.npy,downward_dog,1
downward_dog_Repeat26_aug_3.npy,downward_dog,1
downward_dog_Repeat27.npy,downward_dog,1
downward_dog_Repeat27_aug_1.npy,downward_dog,1
downward_dog_Repeat27_aug_2.npy,downward_dog,1
downward_dog_Repeat27_aug_3.npy,downward_dog,1
downward_dog_Repeat28.npy,downward_dog,1
downward_dog_Repeat28_aug_1.npy,downward_dog,1
downward_dog_Repeat28_aug_2.npy,downward_dog,1
downward_dog_Repeat28_aug_3.npy,downward_dog,1
downward_dog_Repeat29.npy,downward_dog,1
downward_dog_Repeat29_aug_1.npy,downward_dog,1
downward_dog_Repeat29_aug_2.npy,downward_dog,1
downward_dog_Repeat29_aug_3.npy,downward_dog,1
downward_dog_Repeat30.npy,downward_dog,1
downward_dog_Repeat30_aug_1.npy,downward_dog,1
downward_dog_Repeat30_aug_2.npy,downward_dog,1
downward_dog_Repeat30_aug_3.npy,downward_dog,1
downward_dog_Repeat31.npy,downward_dog,1
downward_dog_Repeat31_aug_1.npy,downward_dog,1
downward_dog_Repeat31_aug_2.npy,downward_dog,1
downward_dog_Repeat31_aug_3.npy,downward_dog,1
downward_dog_Repeat32.npy,downward_dog,1
downward_dog_Repeat32_aug_1.npy,downward_dog,1
downward_dog_Repeat32_aug_2.npy,downward_dog,1
downward_dog_Repeat32_aug_3.npy,downward_dog,1
downward_dog_Repeat33.npy,downward_dog,1
downward_dog_Repeat33_aug_1.npy,downward_dog,1
downward_dog_Repeat33_aug_2.npy,downward_dog,1
downward_dog_Repeat33_aug_3.npy,downward_dog,1
downward_dog_Repeat34.npy,downward_dog,1
downward_dog_Repeat34_aug_1.npy,downward_dog,1
downward_dog_Repeat34_aug_2.npy,downward_dog,1
downward_dog_Repeat34_aug_3.npy,downward_dog,1
downward_dog_Repeat35.npy,downward_dog,1
downward_dog_Repeat35_aug_1.npy,downward_dog,1
downward_dog_Repeat35_aug_2.npy,downward_dog,1
downward_dog_Repeat35_aug_3.npy,downward_dog,1
downward_dog_Repeat36.npy,downward_dog,1
downward_dog_Repeat36_aug_1.npy,downward_dog,1
downward_dog_Repeat36_aug_2.npy,downward_dog,1
downward_dog_Repeat36_aug_3.npy,downward_dog,1
downward_dog_Repeat37.npy,downward_dog,1
downward_dog_Repeat37_aug_1.npy,downward_dog,1
downward_dog_Repeat37_aug_2.npy,downward_dog,1
downward_dog_Repeat37_aug_3.npy,downward_dog,1
downward_dog_Repeat38.npy,downward_dog,1
downward_dog_Repeat38_aug_1.npy,downward_dog,1
downward_dog_Repeat38_aug_2.npy,downward_dog,1
downward_dog_Repeat38_aug_3.npy,downward_dog,1
downward_dog_Repeat39.npy,downward_dog,1
downward_dog_Repeat39_aug_1.npy,downward_dog,1
downward_dog_Repeat39_aug_2.npy,downward_dog,1
downward_dog_Repeat39_aug_3.npy,downward_dog,1
plank_Repeat01.npy,plank,2
plank_Repeat01_aug_1.npy,plank,2
plank_Repeat01_aug_2.npy,plank,2
plank_Repeat01_aug_3.npy,plank,2
plank_Repeat02.npy,plank,2
plank_Repeat02_aug_1.npy,plank,2
plank_Repeat02_aug_2.npy,plank,2
plank_Repeat02_aug_3.npy,plank,2
plank_Repeat03.npy,plank,2
plank_Repeat03_aug_1.npy,plank,2
plank_Repeat03_aug_2.npy,plank,2
plank_Repeat03_aug_3.npy,plank,2
plank_Repeat04.npy,plank,2
plank_Repeat04_aug_1.npy,plank,2
plank_Repeat04_aug_2.npy,plank,2
plank_Repeat04_aug_3.npy,plank,2
plank_Repeat05.npy,plank,2
plank_Repeat05_aug_1.npy,plank,2
plank_Repeat05_aug_2.npy,plank,2
plank_Repeat05_aug_3.npy,plank,2
plank_Repeat06.npy,plank,2
plank_Repeat06_aug_1.npy,plank,2
plank_Repeat06_aug_2.npy,plank,2
plank_Repeat06_aug_3.npy,plank,2
plank_Repeat07.npy,plank,2
plank_Repeat07_aug_1.npy,plank,2
plank_Repeat07_aug_2.npy,plank,2
plank_Repeat07_aug_3.npy,plank,2
plank_Repeat08.npy,plank,2
plank_Repeat08_aug_1.npy,plank,2
plank_Repeat08_aug_2.npy,plank,2
plank_Repeat08_aug_3.npy,plank,2
plank_Repeat09.npy,plank,2
plank_Repeat09_aug_1.npy,plank,2
plank_Repeat09_aug_2.npy,plank,2
plank_Repeat09_aug_3.npy,plank,2
plank_Repeat10.npy,plank,2
plank_Repeat10_aug_1.npy,plank,2
plank_Repeat10_aug_2.npy,plank,2
plank_Repeat10_aug_3.npy,plank,2
plank_Repeat11.npy,plank,2
plank_Repeat11_aug_1.npy,plank,2
plank_Repeat11_aug_2.npy,plank,2
plank_Repeat11_aug_3.npy,plank,2
plank_Repeat12.npy,plank,2
plank_Repeat12_aug_1.npy,plank,2
plank_Repeat12_aug_2.npy,plank,2
plank_Repeat12_aug_3.npy,plank,2
plank_Repeat13.npy,plank,2
plank_Repeat13_aug_1.npy,plank,2
plank_Repeat13_aug_2.npy,plank,2
plank_Repeat13_aug_3.npy,plank,2
plank_Repeat14.npy,plank,2
plank_Repeat14_aug_1.npy,plank,2
plank_Repeat14_aug_2.npy,plank,2
plank_Repeat14_aug_3.npy,plank,2
plank_Repeat15.npy,plank,2
plank_Repeat15_aug_1.npy,plank,2
plank_Repeat15_aug_2.npy,plank,2
plank_Repeat15_aug_3.npy,plank,2
plank_Repeat16.npy,plank,2
plank_Repeat16_aug_1.npy,plank,2
plank_Repeat16_aug_2.npy,plank,2
plank_Repeat16_aug_3.npy,plank,2
plank_Repeat17.npy,plank,2
plank_Repeat17_aug_1.npy,plank,2
plank_Repeat17_aug_2.npy,plank,2
plank_Repeat17_aug_3.npy,plank,2
plank_Repeat18.npy,plank,2
plank_Repeat18_aug_1.npy,plank,2
plank_Repeat18_aug_2.npy,plank,2
plank_Repeat18_aug_3.npy,plank,2
plank_Repeat19.npy,plank,2
plank_Repeat19_aug_1.npy,plank,2
plank_Repeat19_aug_2.npy,plank,2
plank_Repeat19_aug_3.npy,plank,2
plank_Repeat20.npy,plank,2
plank_Repeat20_aug_1.npy,plank,2
plank_Repeat20_aug_2.npy,plank,2
plank_Repeat20_aug_3.npy,plank,2
plank_Repeat21.npy,plank,2
plank_Repeat21_aug_1.npy,plank,2
plank_Repeat21_aug_2.npy,plank,2
plank_Repeat21_aug_3.npy,plank,2
plank_Repeat22.npy,plank,2
plank_Repeat22_aug_1.npy,plank,2
plank_Repeat22_aug_2.npy,plank,2
plank_Repeat22_aug_3.npy,plank,2
plank_Repeat23.npy,plank,2
plank_Repeat23_aug_1.npy,plank,2
plank_Repeat23_aug_2.npy,plank,2
plank_Repeat23_aug_3.npy,plank,2
plank_Repeat24.npy,plank,2
plank_Repeat24_aug_1.npy,plank,2
plank_Repeat24_aug_2.npy,plank,2
plank_Repeat24_aug_3.npy,plank,2
plank_Repeat25.npy,plank,2
plank_Repeat25_aug_1.npy,plank,2
plank_Repeat25_aug_2.npy,plank,2
plank_Repeat25_aug_3.npy,plank,2
plank_Repeat26.npy,plank,2
plank_Repeat26_aug_1.npy,plank,2
plank_Repeat26_aug_2.npy,plank,2
plank_Repeat26_aug_3.npy,plank,2
plank_Repeat27.npy,plank,2
plank_Repeat27_aug_1.npy,plank,2
plank_Repeat27_aug_2.npy,plank,2
plank_Repeat27_aug_3.npy,plank,2
plank_Repeat28.npy,plank,2
plank_Repeat28_aug_1.npy,plank,2
plank_Repeat28_aug_2.npy,plank,2
plank_Repeat28_aug_3.npy,plank,2
plank_Repeat29.npy,plank,2
plank_Repeat29_aug_1.npy,plank,2
plank_Repeat29_aug_2.npy,plank,2
plank_Repeat29_aug_3.npy,plank,2
plank_Repeat30.npy,plank,2
plank_Repeat30_aug_1.npy,plank,2
plank_Repeat30_aug_2.npy,plank,2
plank_Repeat30_aug_3.npy,plank,2
plank_Repeat31.npy,plank,2
plank_Repeat31_aug_1.npy,plank,2
plank_Repeat31_aug_2.npy,plank,2
plank_Repeat31_aug_3.npy,plank,2
plank_Repeat32.npy,plank,2
plank_Repeat32_aug_1.npy,plank,2
plank_Repeat32_aug_2.npy,plank,2
plank_Repeat32_aug_3.npy,plank,2
plank_Repeat33.npy,plank,2
plank_Repeat33_aug_1.npy,plank,2
plank_Repeat33_aug_2.npy,plank,2
plank_Repeat33_aug_3.npy,plank,2
plank_Repeat34.npy,plank,2
plank_Repeat34_aug_1.npy,plank,2
plank_Repeat34_aug_2.npy,plank,2
plank_Repeat34_aug_3.npy,plank,2
plank_Repeat35.npy,plank,2
plank_Repeat35_aug_1.npy,plank,2
plank_Repeat35_aug_2.npy,plank,2
plank_Repeat35_aug_3.npy,plank,2
plank_Repeat36.npy,plank,2
plank_Repeat36_aug_1.npy,plank,2
plank_Repeat36_aug_2.npy,plank,2
plank_Repeat36_aug_3.npy,plank,2
plank_Repeat37.npy,plank,2
plank_Repeat37_aug_1.npy,plank,2
plank_Repeat37_aug_2.npy,plank,2
plank_Repeat37_aug_3.npy,plank,2
shoulder_stand_Repeat01.npy,shoulder_stand,3
shoulder_stand_Repeat01_aug_1.npy,shoulder_stand,3
shoulder_stand_Repeat01_aug_2.npy,shoulder_stand,3
shoulder_stand_Repeat01_aug_3.npy,shoulder_stand,3
shoulder_stand_Repeat02.npy,shoulder_stand,3
shoulder_stand_Repeat02_aug_1.npy,shoulder_stand,3
shoulder_stand_Repeat02_aug_2.npy,shoulder_stand,3
shoulder_stand_Repeat02_aug_3.npy,shoulder_stand,3
shoulder_stand_Repeat03.npy,shoulder_stand,3
shoulder_stand_Repeat03_aug_1.npy,shoulder_stand,3
shoulder_stand_Repeat03_aug_2.npy,shoulder_stand,3
shoulder_stand_Repeat03_aug_3.npy,shoulder_stand,3
shoulder_stand_Repeat04.npy,shoulder_stand,3
shoulder_stand_Repeat04_aug_1.npy,shoulder_stand,3
shoulder_stand_Repeat04_aug_2.npy,shoulder_stand,3
shoulder_stand_Repeat04_aug_3.npy,shoulder_stand,3
shoulder_stand_Repeat05.npy,shoulder_stand,3
shoulder_stand_Repeat05_aug_1.npy,shoulder_stand,3
shoulder_stand_Repeat05_aug_2.npy,shoulder_stand,3
shoulder_stand_Repeat05_aug_3.npy,shoulder_stand,3
shoulder_stand_Repeat06.npy,shoulder_stand,3
shoulder_stand_Repeat06_aug_1.npy,shoulder_stand,3
shoulder_stand_Repeat06_aug_2.npy,shoulder_stand,3
shoulder_stand_Repeat06_aug_3.npy,shoulder_stand,3
shoulder_stand_Repeat07.npy,shoulder_stand,3
shoulder_stand_Repeat07_aug_1.npy,shoulder_stand,3
shoulder_stand_Repeat07_aug_2.npy,shoulder_stand,3
shoulder_stand_Repeat07_aug_3.npy,shoulder_stand,3
shoulder_stand_Repeat08.npy,shoulder_stand,3
shoulder_stand_Repeat08_aug_1.npy,shoulder_stand,3
shoulder_stand_Repeat08_aug_2.npy,shoulder_stand,3
shoulder_stand_Repeat08_aug_3.npy,shoulder_stand,3
shoulder_stand_Repeat09.npy,shoulder_stand,3
shoulder_stand_Repeat09_aug_1.npy,shoulder_stand,3
shoulder_stand_Repeat09_aug_2.npy,shoulder_stand,3
shoulder_stand_Repeat09_aug_3.npy,shoulder_stand,3
shoulder_stand_Repeat10.npy,shoulder_stand,3
shoulder_stand_Repeat10_aug_1.npy,shoulder_stand,3
shoulder_stand_Repeat10_aug_2.npy,shoulder_stand,3
shoulder_stand_Repeat10_aug_3.npy,shoulder_stand,3
shoulder_stand_Repeat11.npy,shoulder_stand,3
shoulder_stand_Repeat11_aug_1.npy,shoulder_stand,3
shoulder_stand_Repeat11_aug_2.npy,shoulder_stand,3
shoulder_stand_Repeat11_aug_3.npy,shoulder_stand,3
shoulder_stand_Repeat12.npy,shoulder_stand,3
shoulder_stand_Repeat12_aug_1.npy,shoulder_stand,3
shoulder_stand_Repeat12_aug_2.npy,shoulder_stand,3
shoulder_stand_Repeat12_aug_3.npy,shoulder_stand,3
shoulder_stand_Repeat13.npy,shoulder_stand,3
shoulder_stand_Repeat13_aug_1.npy,shoulder_stand,3
shoulder_stand_Repeat13_aug_2.npy,shoulder_stand,3
shoulder_stand_Repeat13_aug_3.npy,shoulder_stand,3
shoulder_stand_Repeat14.npy,shoulder_stand,3
shoulder_stand_Repeat14_aug_1.npy,shoulder_stand,3
shoulder_stand_Repeat14_aug_2.npy,shoulder_stand,3
shoulder_stand_Repeat14_aug_3.npy,shoulder_stand,3
shoulder_stand_Repeat15.npy,shoulder_stand,3
shoulder_stand_Repeat15_aug_1.npy,shoulder_stand,3
shoulder_stand_Repeat15_aug_2.npy,shoulder_stand,3
shoulder_stand_Repeat15_aug_3.npy,shoulder_stand,3
shoulder_stand_Repeat16.npy,shoulder_stand,3
shoulder_stand_Repeat16_aug_1.npy,shoulder_stand,3
shoulder_stand_Repeat16_aug_2.npy,shoulder_stand,3
shoulder_stand_Repeat16_aug_3.npy,shoulder_stand,3
shoulder_stand_Repeat17.npy,shoulder_stand,3
shoulder_stand_Repeat17_aug_1.npy,shoulder_stand,3
shoulder_stand_Repeat17_aug_2.npy,shoulder_stand,3
shoulder_stand_Repeat17_aug_3.npy,shoulder_stand,3
shoulder_stand_Repeat18.npy,shoulder_stand,3
shoulder_stand_Repeat18_aug_1.npy,shoulder_stand,3
shoulder_stand_Repeat18_aug_2.npy,shoulder_stand,3
shoulder_stand_Repeat18_aug_3.npy,shoulder_stand,3
shoulder_stand_Repeat19.npy,shoulder_stand,3
shoulder_stand_Repeat19_aug_1.npy,shoulder_stand,3
shoulder_stand_Repeat19_aug_2.npy,shoulder_stand,3
shoulder_stand_Repeat19_aug_3.npy,shoulder_stand,3
shoulder_stand_Repeat20.npy,shoulder_stand,3
shoulder_stand_Repeat20_aug_1.npy,shoulder_stand,3
shoulder_stand_Repeat20_aug_2.npy,shoulder_stand,3
shoulder_stand_Repeat20_aug_3.npy,shoulder_stand,3
shoulder_stand_Repeat21.npy,shoulder_stand,3
shoulder_stand_Repeat21_aug_1.npy,shoulder_stand,3
shoulder_stand_Repeat21_aug_2.npy,shoulder_stand,3
shoulder_stand_Repeat21_aug_3.npy,shoulder_stand,3
shoulder_stand_Repeat22.npy,shoulder_stand,3
shoulder_stand_Repeat22_aug_1.npy,shoulder_stand,3
shoulder_stand_Repeat22_aug_2.npy,shoulder_stand,3
shoulder_stand_Repeat22_aug_3.npy,shoulder_stand,3
shoulder_stand_Repeat23.npy,shoulder_stand,3
shoulder_stand_Repeat23_aug_1.npy,shoulder_stand,3
shoulder_stand_Repeat23_aug_2.npy,shoulder_stand,3
shoulder_stand_Repeat23_aug_3.npy,shoulder_stand,3
shoulder_stand_Repeat24.npy,shoulder_stand,3
shoulder_stand_Repeat24_aug_1.npy,shoulder_stand,3
shoulder_stand_Repeat24_aug_2.npy,shoulder_stand,3
shoulder_stand_Repeat24_aug_3.npy,shoulder_stand,3
shoulder_stand_Repeat25.npy,shoulder_stand,3
shoulder_stand_Repeat25_aug_1.npy,shoulder_stand,3
shoulder_stand_Repeat25_aug_2.npy,shoulder_stand,3
shoulder_stand_Repeat25_aug_3.npy,shoulder_stand,3
shoulder_stand_Repeat26.npy,shoulder_stand,3
shoulder_stand_Repeat26_aug_1.npy,shoulder_stand,3
shoulder_stand_Repeat26_aug_2.npy,shoulder_stand,3
shoulder_stand_Repeat26_aug_3.npy,shoulder_stand,3
shoulder_stand_Repeat27.npy,shoulder_stand,3
shoulder_stand_Repeat27_aug_1.npy,shoulder_stand,3
shoulder_stand_Repeat27_aug_2.npy,shoulder_stand,3
shoulder_stand_Repeat27_aug_3.npy,shoulder_stand,3
shoulder_stand_Repeat28.npy,shoulder_stand,3
shoulder_stand_Repeat28_aug_1.npy,shoulder_stand,3
shoulder_stand_Repeat28_aug_2.npy,shoulder_stand,3
shoulder_stand_Repeat28_aug_3.npy,shoulder_stand,3
shoulder_stand_Repeat29.npy,shoulder_stand,3
shoulder_stand_Repeat29_aug_1.npy,shoulder_stand,3
shoulder_stand_Repeat29_aug_2.npy,shoulder_stand,3
shoulder_stand_Repeat29_aug_3.npy,shoulder_stand,3
shoulder_stand_Repeat30.npy,shoulder_stand,3
shoulder_stand_Repeat30_aug_1.npy,shoulder_stand,3
shoulder_stand_Repeat30_aug_2.npy,shoulder_stand,3
shoulder_stand_Repeat30_aug_3.npy,shoulder_stand,3
shoulder_stand_Repeat31.npy,shoulder_stand,3
shoulder_stand_Repeat31_aug_1.npy,shoulder_stand,3
shoulder_stand_Repeat31_aug_2.npy,shoulder_stand,3
shoulder_stand_Repeat31_aug_3.npy,shoulder_stand,3
tree_Repeat01.npy,tree,4
tree_Repeat01_aug_1.npy,tree,4
tree_Repeat01_aug_2.npy,tree,4
tree_Repeat01_aug_3.npy,tree,4
tree_Repeat02.npy,tree,4
tree_Repeat02_aug_1.npy,tree,4
tree_Repeat02_aug_2.npy,tree,4
tree_Repeat02_aug_3.npy,tree,4
tree_Repeat03.npy,tree,4
tree_Repeat03_aug_1.npy,tree,4
tree_Repeat03_aug_2.npy,tree,4
tree_Repeat03_aug_3.npy,tree,4
tree_Repeat04.npy,tree,4
tree_Repeat04_aug_1.npy,tree,4
tree_Repeat04_aug_2.npy,tree,4
tree_Repeat04_aug_3.npy,tree,4
tree_Repeat05.npy,tree,4
tree_Repeat05_aug_1.npy,tree,4
tree_Repeat05_aug_2.npy,tree,4
tree_Repeat05_aug_3.npy,tree,4
tree_Repeat06.npy,tree,4
tree_Repeat06_aug_1.npy,tree,4
tree_Repeat06_aug_2.npy,tree,4
tree_Repeat06_aug_3.npy,tree,4
tree_Repeat07.npy,tree,4
tree_Repeat07_aug_1.npy,tree,4
tree_Repeat07_aug_2.npy,tree,4
tree_Repeat07_aug_3.npy,tree,4
tree_Repeat08.npy,tree,4
tree_Repeat08_aug_1.npy,tree,4
tree_Repeat08_aug_2.npy,tree,4
tree_Repeat08_aug_3.npy,tree,4
tree_Repeat09.npy,tree,4
tree_Repeat09_aug_1.npy,tree,4
tree_Repeat09_aug_2.npy,tree,4
tree_Repeat09_aug_3.npy,tree,4
tree_Repeat10.npy,tree,4
tree_Repeat10_aug_1.npy,tree,4
tree_Repeat10_aug_2.npy,tree,4
tree_Repeat10_aug_3.npy,tree,4
tree_Repeat11.npy,tree,4
tree_Repeat11_aug_1.npy,tree,4
tree_Repeat11_aug_2.npy,tree,4
tree_Repeat11_aug_3.npy,tree,4
tree_Repeat12.npy,tree,4
tree_Repeat12_aug_1.npy,tree,4
tree_Repeat12_aug_2.npy,tree,4
tree_Repeat12_aug_3.npy,tree,4
tree_Repeat13.npy,tree,4
tree_Repeat13_aug_1.npy,tree,4
tree_Repeat13_aug_2.npy,tree,4
tree_Repeat13_aug_3.npy,tree,4
tree_Repeat14.npy,tree,4
tree_Repeat14_aug_1.npy,tree,4
tree_Repeat14_aug_2.npy,tree,4
tree_Repeat14_aug_3.npy,tree,4
tree_Repeat15.npy,tree,4
tree_Repeat15_aug_1.npy,tree,4
tree_Repeat15_aug_2.npy,tree,4
tree_Repeat15_aug_3.npy,tree,4
tree_Repeat16.npy,tree,4
tree_Repeat16_aug_1.npy,tree,4
tree_Repeat16_aug_2.npy,tree,4
tree_Repeat16_aug_3.npy,tree,4
tree_Repeat17.npy,tree,4
tree_Repeat17_aug_1.npy,tree,4
tree_Repeat17_aug_2.npy,tree,4
tree_Repeat17_aug_3.npy,tree,4
tree_Repeat18.npy,tree,4
tree_Repeat18_aug_1.npy,tree,4
tree_Repeat18_aug_2.npy,tree,4
tree_Repeat18_aug_3.npy,tree,4
tree_Repeat19.npy,tree,4
tree_Repeat19_aug_1.npy,tree,4
tree_Repeat19_aug_2.npy,tree,4
tree_Repeat19_aug_3.npy,tree,4
tree_Repeat20.npy,tree,4
tree_Repeat20_aug_1.npy,tree,4
tree_Repeat20_aug_2.npy,tree,4
tree_Repeat20_aug_3.npy,tree,4
tree_Repeat21.npy,tree,4
tree_Repeat21_aug_1.npy,tree,4
tree_Repeat21_aug_2.npy,tree,4
tree_Repeat21_aug_3.npy,tree,4
tree_Repeat22.npy,tree,4
tree_Repeat22_aug_1.npy,tree,4
tree_Repeat22_aug_2.npy,tree,4
tree_Repeat22_aug_3.npy,tree,4
tree_Repeat23.npy,tree,4
tree_Repeat23_aug_1.npy,tree,4
tree_Repeat23_aug_2.npy,tree,4
tree_Repeat23_aug_3.npy,tree,4
tree_Repeat24.npy,tree,4
tree_Repeat24_aug_1.npy,tree,4
tree_Repeat24_aug_2.npy,tree,4
tree_Repeat24_aug_3.npy,tree,4
tree_Repeat25.npy,tree,4
tree_Repeat25_aug_1.npy,tree,4
tree_Repeat25_aug_2.npy,tree,4
tree_Repeat25_aug_3.npy,tree,4
tree_Repeat26.npy,tree,4
tree_Repeat26_aug_1.npy,tree,4
tree_Repeat26_aug_2.npy,tree,4
tree_Repeat26_aug_3.npy,tree,4
tree_Repeat27.npy,tree,4
tree_Repeat27_aug_1.npy,tree,4
tree_Repeat27_aug_2.npy,tree,4
tree_Repeat27_aug_3.npy,tree,4
tree_Repeat28.npy,tree,4
tree_Repeat28_aug_1.npy,tree,4
tree_Repeat28_aug_2.npy,tree,4
tree_Repeat28_aug_3.npy,tree,4
tree_Repeat29.npy,tree,4
tree_Repeat29_aug_1.npy,tree,4
tree_Repeat29_aug_2.npy,tree,4
tree_Repeat29_aug_3.npy,tree,4
tree_Repeat30.npy,tree,4
tree_Repeat30_aug_1.npy,tree,4
tree_Repeat30_aug_2.npy,tree,4
tree_Repeat30_aug_3.npy,tree,4
tree_Repeat31.npy,tree,4
tree_Repeat31_aug_1.npy,tree,4
tree_Repeat31_aug_2.npy,tree,4
tree_Repeat31_aug_3.npy,tree,4
tree_Repeat32.npy,tree,4
tree_Repeat32_aug_1.npy,tree,4
tree_Repeat32_aug_2.npy,tree,4
tree_Repeat32_aug_3.npy,tree,4
tree_Repeat33.npy,tree,4
tree_Repeat33_aug_1.npy,tree,4
tree_Repeat33_aug_2.npy,tree,4
tree_Repeat33_aug_3.npy,tree,4
tree_Repeat34.npy,tree,4
tree_Repeat34_aug_1.npy,tree,4
tree_Repeat34_aug_2.npy,tree,4
tree_Repeat34_aug_3.npy,tree,4
tree_Repeat35.npy,tree,4
tree_Repeat35_aug_1.npy,tree,4
tree_Repeat35_aug_2.npy,tree,4
tree_Repeat35_aug_3.npy,tree,4
tree_Repeat36.npy,tree,4
tree_Repeat36_aug_1.npy,tree,4
tree_Repeat36_aug_2.npy,tree,4
tree_Repeat36_aug_3.npy,tree,4
tree_Repeat37.npy,tree,4
tree_Repeat37_aug_1.npy,tree,4
tree_Repeat37_aug_2.npy,tree,4
tree_Repeat37_aug_3.npy,tree,4
tree_Repeat38.npy,tree,4
tree_Repeat38_aug_1.npy,tree,4
tree_Repeat38_aug_2.npy,tree,4
tree_Repeat38_aug_3.npy,tree,4
tree_Repeat39.npy,tree,4
tree_Repeat39_aug_1.npy,tree,4
tree_Repeat39_aug_2.npy,tree,4
tree_Repeat39_aug_3.npy,tree,4
tree_Repeat40.npy,tree,4
tree_Repeat40_aug_1.npy,tree,4
tree_Repeat40_aug_2.npy,tree,4
tree_Repeat40_aug_3.npy,tree,4
tree_Repeat41.npy,tree,4
tree_Repeat41_aug_1.npy,tree,4
tree_Repeat41_aug_2.npy,tree,4
tree_Repeat41_aug_3.npy,tree,4
tree_Repeat42.npy,tree,4
tree_Repeat42_aug_1.npy,tree,4
tree_Repeat42_aug_2.npy,tree,4
tree_Repeat42_aug_3.npy,tree,4
tree_Repeat43.npy,tree,4
tree_Repeat43_aug_1.npy,tree,4
tree_Repeat43_aug_2.npy,tree,4
tree_Repeat43_aug_3.npy,tree,4
tree_Repeat44.npy,tree,4
tree_Repeat44_aug_1.npy,tree,4
tree_Repeat44_aug_2.npy,tree,4
tree_Repeat44_aug_3.npy,tree,4
warrior_2_Repeat01.npy,warrior_2,5
warrior_2_Repeat01_aug_1.npy,warrior_2,5
warrior_2_Repeat01_aug_2.npy,warrior_2,5
warrior_2_Repeat01_aug_3.npy,warrior_2,5
warrior_2_Repeat02.npy,warrior_2,5
warrior_2_Repeat02_aug_1.npy,warrior_2,5
warrior_2_Repeat02_aug_2.npy,warrior_2,5
warrior_2_Repeat02_aug_3.npy,warrior_2,5
warrior_2_Repeat03.npy,warrior_2,5
warrior_2_Repeat03_aug_1.npy,warrior_2,5
warrior_2_Repeat03_aug_2.npy,warrior_2,5
warrior_2_Repeat03_aug_3.npy,warrior_2,5
warrior_2_Repeat04.npy,warrior_2,5
warrior_2_Repeat04_aug_1.npy,warrior_2,5
warrior_2_Repeat04_aug_2.npy,warrior_2,5
warrior_2_Repeat04_aug_3.npy,warrior_2,5
warrior_2_Repeat05.npy,warrior_2,5
warrior_2_Repeat05_aug_1.npy,warrior_2,5
warrior_2_Repeat05_aug_2.npy,warrior_2,5
warrior_2_Repeat05_aug_3.npy,warrior_2,5
warrior_2_Repeat06.npy,warrior_2,5
warrior_2_Repeat06_aug_1.npy,warrior_2,5
warrior_2_Repeat06_aug_2.npy,warrior_2,5
warrior_2_Repeat06_aug_3.npy,warrior_2,5
warrior_2_Repeat07.npy,warrior_2,5
warrior_2_Repeat07_aug_1.npy,warrior_2,5
warrior_2_Repeat07_aug_2.npy,warrior_2,5
warrior_2_Repeat07_aug_3.npy,warrior_2,5
warrior_2_Repeat08.npy,warrior_2,5
warrior_2_Repeat08_aug_1.npy,warrior_2,5
warrior_2_Repeat08_aug_2.npy,warrior_2,5
warrior_2_Repeat08_aug_3.npy,warrior_2,5
warrior_2_Repeat09.npy,warrior_2,5
warrior_2_Repeat09_aug_1.npy,warrior_2,5
warrior_2_Repeat09_aug_2.npy,warrior_2,5
warrior_2_Repeat09_aug_3.npy,warrior_2,5
warrior_2_Repeat10.npy,warrior_2,5
warrior_2_Repeat10_aug_1.npy,warrior_2,5
warrior_2_Repeat10_aug_2.npy,warrior_2,5
warrior_2_Repeat10_aug_3.npy,warrior_2,5
warrior_2_Repeat11.npy,warrior_2,5
warrior_2_Repeat11_aug_1.npy,warrior_2,5
warrior_2_Repeat11_aug_2.npy,warrior_2,5
warrior_2_Repeat11_aug_3.npy,warrior_2,5
warrior_2_Repeat12.npy,warrior_2,5
warrior_2_Repeat12_aug_1.npy,warrior_2,5
warrior_2_Repeat12_aug_2.npy,warrior_2,5
warrior_2_Repeat12_aug_3.npy,warrior_2,5
warrior_2_Repeat13.npy,warrior_2,5
warrior_2_Repeat13_aug_1.npy,warrior_2,5
warrior_2_Repeat13_aug_2.npy,warrior_2,5
warrior_2_Repeat13_aug_3.npy,warrior_2,5
warrior_2_Repeat14.npy,warrior_2,5
warrior_2_Repeat14_aug_1.npy,warrior_2,5
warrior_2_Repeat14_aug_2.npy,warrior_2,5
warrior_2_Repeat14_aug_3.npy,warrior_2,5
warrior_2_Repeat15.npy,warrior_2,5
warrior_2_Repeat15_aug_1.npy,warrior_2,5
warrior_2_Repeat15_aug_2.npy,warrior_2,5
warrior_2_Repeat15_aug_3.npy,warrior_2,5
warrior_2_Repeat16.npy,warrior_2,5
warrior_2_Repeat16_aug_1.npy,warrior_2,5
warrior_2_Repeat16_aug_2.npy,warrior_2,5
warrior_2_Repeat16_aug_3.npy,warrior_2,5
warrior_2_Repeat17.npy,warrior_2,5
warrior_2_Repeat17_aug_1.npy,warrior_2,5
warrior_2_Repeat17_aug_2.npy,warrior_2,5
warrior_2_Repeat17_aug_3.npy,warrior_2,5
warrior_2_Repeat18.npy,warrior_2,5
warrior_2_Repeat18_aug_1.npy,warrior_2,5
warrior_2_Repeat18_aug_2.npy,warrior_2,5
warrior_2_Repeat18_aug_3.npy,warrior_2,5
warrior_2_Repeat19.npy,warrior_2,5
warrior_2_Repeat19_aug_1.npy,warrior_2,5
warrior_2_Repeat19_aug_2.npy,warrior_2,5
warrior_2_Repeat19_aug_3.npy,warrior_2,5
warrior_2_Repeat20.npy,warrior_2,5
warrior_2_Repeat20_aug_1.npy,warrior_2,5
warrior_2_Repeat20_aug_2.npy,warrior_2,5
warrior_2_Repeat20_aug_3.npy,warrior_2,5
warrior_2_Repeat21.npy,warrior_2,5
warrior_2_Repeat21_aug_1.npy,warrior_2,5
warrior_2_Repeat21_aug_2.npy,warrior_2,5
warrior_2_Repeat21_aug_3.npy,warrior_2,5
warrior_2_Repeat22.npy,warrior_2,5
warrior_2_Repeat22_aug_1.npy,warrior_2,5
warrior_2_Repeat22_aug_2.npy,warrior_2,5
warrior_2_Repeat22_aug_3.npy,warrior_2,5
warrior_2_Repeat23.npy,warrior_2,5
warrior_2_Repeat23_aug_1.npy,warrior_2,5
warrior_2_Repeat23_aug_2.npy,warrior_2,5
warrior_2_Repeat23_aug_3.npy,warrior_2,5
warrior_2_Repeat24.npy,warrior_2,5
warrior_2_Repeat24_aug_1.npy,warrior_2,5
warrior_2_Repeat24_aug_2.npy,warrior_2,5
warrior_2_Repeat24_aug_3.npy,warrior_2,5
warrior_2_Repeat25.npy,warrior_2,5
warrior_2_Repeat25_aug_1.npy,warrior_2,5
warrior_2_Repeat25_aug_2.npy,warrior_2,5
warrior_2_Repeat25_aug_3.npy,warrior_2,5
warrior_2_Repeat26.npy,warrior_2,5
warrior_2_Repeat26_aug_1.npy,warrior_2,5
warrior_2_Repeat26_aug_2.npy,warrior_2,5
warrior_2_Repeat26_aug_3.npy,warrior_2,5
warrior_2_Repeat27.npy,warrior_2,5
warrior_2_Repeat27_aug_1.npy,warrior_2,5
warrior_2_Repeat27_aug_2.npy,warrior_2,5
warrior_2_Repeat27_aug_3.npy,warrior_2,5
warrior_2_Repeat28.npy,warrior_2,5
warrior_2_Repeat28_aug_1.npy,warrior_2,5
warrior_2_Repeat28_aug_2.npy,warrior_2,5
warrior_2_Repeat28_aug_3.npy,warrior_2,5
warrior_2_Repeat29.npy,warrior_2,5
warrior_2_Repeat29_aug_1.npy,warrior_2,5
warrior_2_Repeat29_aug_2.npy,warrior_2,5
warrior_2_Repeat29_aug_3.npy,warrior_2,5
warrior_2_Repeat30.npy,warrior_2,5
warrior_2_Repeat30_aug_1.npy,warrior_2,5
warrior_2_Repeat30_aug_2.npy,warrior_2,5
warrior_2_Repeat30_aug_3.npy,warrior_2,5
warrior_2_Repeat31.npy,warrior_2,5
warrior_2_Repeat31_aug_1.npy,warrior_2,5
warrior_2_Repeat31_aug_2.npy,warrior_2,5
warrior_2_Repeat31_aug_3.npy,warrior_2,5
warrior_2_Repeat32.npy,warrior_2,5
warrior_2_Repeat32_aug_1.npy,warrior_2,5
warrior_2_Repeat32_aug_2.npy,warrior_2,5
warrior_2_Repeat32_aug_3.npy,warrior_2,5
warrior_2_Repeat33.npy,warrior_2,5
warrior_2_Repeat33_aug_1.npy,warrior_2,5
warrior_2_Repeat33_aug_2.npy,warrior_2,5
warrior_2_Repeat33_aug_3.npy,warrior_2,5
warrior_2_Repeat34.npy,warrior_2,5
warrior_2_Repeat34_aug_1.npy,warrior_2,5
warrior_2_Repeat34_aug_2.npy,warrior_2,5
warrior_2_Repeat34_aug_3.npy,warrior_2,5
warrior_2_Repeat35.npy,warrior_2,5
warrior_2_Repeat35_aug_1.npy,warrior_2,5
warrior_2_Repeat35_aug_2.npy,warrior_2,5
warrior_2_Repeat35_aug_3.npy,warrior_2,5
warrior_2_Repeat36.npy,warrior_2,5
warrior_2_Repeat36_aug_1.npy,warrior_2,5
warrior_2_Repeat36_aug_2.npy,warrior_2,5
warrior_2_Repeat36_aug_3.npy,warrior_2,5
warrior_2_Repeat37.npy,warrior_2,5
warrior_2_Repeat37_aug_1.npy,warrior_2,5
warrior_2_Repeat37_aug_2.npy,warrior_2,5
warrior_2_Repeat37_aug_3.npy,warrior_2,5
warrior_2_Repeat38.npy,warrior_2,5
warrior_2_Repeat38_aug_1.npy,warrior_2,5
warrior_2_Repeat38_aug_2.npy,warrior_2,5
warrior_2_Repeat38_aug_3.npy,warrior_2,5
warrior_2_Repeat39.npy,warrior_2,5
warrior_2_Repeat39_aug_1.npy,warrior_2,5
warrior_2_Repeat39_aug_2.npy,warrior_2,5
warrior_2_Repeat39_aug_3.npy,warrior_2,5
warrior_2_Repeat40.npy,warrior_2,5
warrior_2_Repeat40_aug_1.npy,warrior_2,5
warrior_2_Repeat40_aug_2.npy,warrior_2,5
warrior_2_Repeat40_aug_3.npy,warrior_2,5
warrior_2_Repeat41.npy,warrior_2,5
warrior_2_Repeat41_aug_1.npy,warrior_2,5
warrior_2_Repeat41_aug_2.npy,warrior_2,5
warrior_2_Repeat41_aug_3.npy,warrior_2,5
warrior_2_Repeat42.npy,warrior_2,5
warrior_2_Repeat42_aug_1.npy,warrior_2,5
warrior_2_Repeat42_aug_2.npy,warrior_2,5
warrior_2_Repeat42_aug_3.npy,warrior_2,5
warrior_2_Repeat43.npy,warrior_2,5
warrior_2_Repeat43_aug_1.npy,warrior_2,5
warrior_2_Repeat43_aug_2.npy,warrior_2,5
warrior_2_Repeat43_aug_3.npy,warrior_2,5
warrior_2_Repeat44.npy,warrior_2,5
warrior_2_Repeat44_aug_1.npy,warrior_2,5
warrior_2_Repeat44_aug_2.npy,warrior_2,5
warrior_2_Repeat44_aug_3.npy,warrior_2,5
warrior_2_Repeat45.npy,warrior_2,5
warrior_2_Repeat45_aug_1.npy,warrior_2,5
warrior_2_Repeat45_aug_2.npy,warrior_2,5
warrior_2_Repeat45_aug_3.npy,warrior_2,5
warrior_2_Repeat46.npy,warrior_2,5
warrior_2_Repeat46_aug_1.npy,warrior_2,5
warrior_2_Repeat46_aug_2.npy,warrior_2,5
warrior_2_Repeat46_aug_3.npy,warrior_2,5
warrior_2_Repeat47.npy,warrior_2,5
warrior_2_Repeat47_aug_1.npy,warrior_2,5
warrior_2_Repeat47_aug_2.npy,warrior_2,5
warrior_2_Repeat47_aug_3.npy,warrior_2,5
warrior_2_Repeat48.npy,warrior_2,5
warrior_2_Repeat48_aug_1.npy,warrior_2,5
warrior_2_Repeat48_aug_2.npy,warrior_2,5
warrior_2_Repeat48_aug_3.npy,warrior_2,5
warrior_2_Repeat49.npy,warrior_2,5
warrior_2_Repeat49_aug_1.npy,warrior_2,5
warrior_2_Repeat49_aug_2.npy,warrior_2,5
warrior_2_Repeat49_aug_3.npy,warrior_2,5
warrior_2_Repeat50.npy,warrior_2,5
warrior_2_Repeat50_aug_1.npy,warrior_2,5
warrior_2_Repeat50_aug_2.npy,warrior_2,5
warrior_2_Repeat50_aug_3.npy,warrior_2,5
